{
  "width": 515,
  "height": 599,
  "cx": [
    [ "APPARTIENT", 64 ],
    [ "JUSTIFICATIF", 194 ],
    [ "ASSUREUR", 328 ],
    [ "GERE", 454 ],
    [ "BIEN", 64 ],
    [ "JUSTIFIE", 194 ],
    [ "COUVRE", 328 ],
    [ "ASSURE", 454 ],
    [ "IMPACTE", 64 ],
    [ "CONTIENT", 194 ],
    [ "LOGEMENT", 328 ],
    [ "POSSEDE", 454 ],
    [ "SINISTRE", 64 ],
    [ "PIECE", 194 ],
    [ "COMPOSE", 328 ]
  ],
  "cy": [
    [ "APPARTIENT", 85 ],
    [ "JUSTIFICATIF", 85 ],
    [ "ASSUREUR", 85 ],
    [ "GERE", 85 ],
    [ "BIEN", 262 ],
    [ "JUSTIFIE", 262 ],
    [ "COUVRE", 262 ],
    [ "ASSURE", 262 ],
    [ "IMPACTE", 422 ],
    [ "CONTIENT", 422 ],
    [ "LOGEMENT", 422 ],
    [ "POSSEDE", 422 ],
    [ "SINISTRE", 531 ],
    [ "PIECE", 531 ],
    [ "COMPOSE", 531 ]
  ],
  "shift": [
    [ "APPARTIENT,BIEN,0", 0 ],
    [ "APPARTIENT,JUSTIFICATIF,0", 0 ],
    [ "GERE,ASSUREUR,0", 0 ],
    [ "GERE,ASSURE,0", 0 ],
    [ "JUSTIFIE,LOGEMENT,0", 0 ],
    [ "JUSTIFIE,JUSTIFICATIF,0", 0 ],
    [ "COUVRE,LOGEMENT,0", 0 ],
    [ "COUVRE,ASSUREUR,0", 0 ],
    [ "COUVRE,ASSURE,0", 0 ],
    [ "IMPACTE,BIEN,0", 0 ],
    [ "IMPACTE,SINISTRE,0", 0 ],
    [ "CONTIENT,PIECE,0", 0 ],
    [ "CONTIENT,BIEN,0", 0 ],
    [ "POSSEDE,ASSURE,0", 0 ],
    [ "POSSEDE,LOGEMENT,0", 0 ],
    [ "COMPOSE,LOGEMENT,0", 0 ],
    [ "COMPOSE,PIECE,0", 0 ]
  ],
  "ratio": []
}
